Titles,Links,Images
,https://your-site.com/services.html,https://your-site.com/images/spacer.gif
,https://your-site.com/support.html,https://your-site.com/images/highlight.jpg
,https://your-site.com/faq.html,
,https://your-site.com/company.html,
,https://your-site.com/contact.html,
,https://your-site.com/portal.php,
,https://your-site.com/sitebuilder.html,
,https://your-site.com/parking.html,
,https://your-site.com/network.html,
,https://your-site.com/testimonials.html,
,https://your-site.com/domain.html,
,mailto:info@your-site.com,
,https://your-site.com/privacy.html,
